{
  "data": [{
      "xs": {
        "0": 711.8204871581079,
        "1": 392.3424912242629,
        "2": 735.5852926451328,
        "3": 412.97615155374325,
        "4": 708.7387471635903,
        "5": 386.9806181850024,
        "6": 739.7001091732151,
        "7": 477.4815371626766,
        "8": 685.8280769333272,
        "9": 408.9219537627162,
        "10": 647.9448166042275,
        "11": 540.9300805997198,
        "12": 602.1383482577972,
        "13": 432.6981215449104,
        "14": 660.5186536762914,
        "15": 684.1505024632979,
        "16": 598.8026520429763,
        "17": 370.2378300895468,
        "18": 624.8214156539351,
        "19": 137.06494307192676,
        "20": 151.5833536783854,
        "21": 850.6241290889985,
        "22": 593.4733786778143,
        "23": 492.54627488045196,
        "24": 526.9980625799525,
        "25": 483.2631012617263,
        "26": 362.17759041293556,
        "27": 515.2101869936342,
        "28": 361.58954702157956,
        "29": 519.0958539877254,
        "30": 674.7275904605262,
        "31": 849.5370965254933,
        "32": 675.4629867583454,
        "33": 852.4470933464303
      },
      "ys": {
        "0": "triangle"
      }
    },
    {
      "xs": {
        "0": 498.99226554885473,
        "1": 249.31272986339545,
        "2": 513.3979306583516,
        "3": 236.34207504302205,
        "4": 487.03306320815057,
        "5": 233.46739949306317,
        "6": 534.1016386452242,
        "7": 254.362466972009,
        "8": 466.7057089405915,
        "9": 252.395243207846,
        "10": 549.3960612930981,
        "11": 312.91061907019065,
        "12": 447.8729426512244,
        "13": 315.515826784844,
        "14": 596.6498837833516,
        "15": 219.64666950307625,
        "16": 411.2287673801474,
        "17": 277.5354218064693,
        "18": 630.8961388660452,
        "19": 120.46519496984648,
        "20": 366.6284869753594,
        "21": 111.152611745496,
        "22": 536.6058647051657,
        "23": 519.6254797149122,
        "24": 454.40828498111597,
        "25": 522.0440423976607,
        "26": 518.8876443903813,
        "27": 705.013996444018,
        "28": 471.18777745416054,
        "29": 704.9699749862938,
        "30": 500.27317099171535,
        "31": 887.1794286062378,
        "32": 479.54296089752376,
        "33": 880.3591960587231
      },
      "ys": {
        "0": "mountain"
      }
    }
  ]
}
