{"inputUnits":[34],"outputUnits":8,"inputs":{"0":{"dtype":"number","min":239.83515704119645,"max":359.04579136571454},"1":{"dtype":"number","min":99.74472681681314,"max":230.8015659027397},"2":{"dtype":"number","min":246.72810693930464,"max":367.199292396709},"3":{"dtype":"number","min":92.90881240577028,"max":221.23090911329837},"4":{"dtype":"number","min":232.39583630775613,"max":349.0158283315439},"5":{"dtype":"number","min":94.41482335735714,"max":223.0617604989987},"6":{"dtype":"number","min":256.4441985786542,"max":382.46885928029434},"7":{"dtype":"number","min":100.3312465228997,"max":229.33859782376948},"8":{"dtype":"number","min":221.9178641098052,"max":339.06800184565907},"9":{"dtype":"number","min":100.4046736451385,"max":234.39455385561342},"10":{"dtype":"number","min":270.13414646914595,"max":399.2895985207362},"11":{"dtype":"number","min":140.34936001426294,"max":278.7105938798038},"12":{"dtype":"number","min":206.74363997015107,"max":332.7589942976745},"13":{"dtype":"number","min":139.61304517749687,"max":276.46170989811765},"14":{"dtype":"number","min":290.06383646766113,"max":445.0474771421555},"15":{"dtype":"number","min":94.23914502238668,"max":339.29499631736707},"16":{"dtype":"number","min":181.39990525868436,"max":352.290868331582},"17":{"dtype":"number","min":102.94297870836758,"max":334.6747052228009},"18":{"dtype":"number","min":243.07936521533867,"max":494.7595372488159},"19":{"dtype":"number","min":36.20431940922727,"max":357.8821316843609},"20":{"dtype":"number","min":174.33166563394707,"max":331.3865390948617},"21":{"dtype":"number","min":49.23302009091739,"max":354.7258751108865},"22":{"dtype":"number","min":267.6323082758437,"max":392.83582244932535},"23":{"dtype":"number","min":232.2838284676535,"max":372.1887337905854},"24":{"dtype":"number","min":223.61245079114886,"max":371.5116694935581},"25":{"dtype":"number","min":241.14825971874808,"max":372.2875036644889},"26":{"dtype":"number","min":296.97367231283505,"max":441.7854151437622},"27":{"dtype":"number","min":249.14895100435547,"max":378.32169858103373},"28":{"dtype":"number","min":213.99471885279604,"max":303.75190363060426},"29":{"dtype":"number","min":320.3655547054655,"max":376.0242451747723},"30":{"dtype":"number","min":255.2408500210351,"max":441.19662085936545},"31":{"dtype":"number","min":300.402751870555,"max":437.3619055794461},"32":{"dtype":"number","min":165.24261772051656,"max":341.9458534285339},"33":{"dtype":"number","min":352.7317366869593,"max":437.23830656233815}},"outputs":{"0":{"dtype":"string","min":0,"max":1,"uniqueValues":["0","1","2","3","4","5","6","7"],"legend":{"0":[1,0,0,0,0,0,0,0],"1":[0,1,0,0,0,0,0,0],"2":[0,0,1,0,0,0,0,0],"3":[0,0,0,1,0,0,0,0],"4":[0,0,0,0,1,0,0,0],"5":[0,0,0,0,0,1,0,0],"6":[0,0,0,0,0,0,1,0],"7":[0,0,0,0,0,0,0,1]}}},"isNormalized":true}