{"inputUnits":[34],"outputUnits":4,"inputs":{"0":{"dtype":"number","min":235.67701016253196,"max":371.489761084841},"1":{"dtype":"number","min":58.3661488018073,"max":248.90558194463478},"2":{"dtype":"number","min":235.20502309817783,"max":386.991996542055},"3":{"dtype":"number","min":53.75181558768884,"max":244.4285973145483},"4":{"dtype":"number","min":237.8021574856942,"max":366.4628723025554},"5":{"dtype":"number","min":50.3752246284113,"max":247.36725269934817},"6":{"dtype":"number","min":243.0956802219443,"max":419.936250757288},"7":{"dtype":"number","min":51.062949851707174,"max":262.0174409446196},"8":{"dtype":"number","min":235.9189476325498,"max":359.1865086509005},"9":{"dtype":"number","min":52.00688769245704,"max":267.12504366452697},"10":{"dtype":"number","min":281.25311050266316,"max":406.80438898692586},"11":{"dtype":"number","min":116.41918457507157,"max":253.0621201067175},"12":{"dtype":"number","min":212.57906670226456,"max":335.01923797191},"13":{"dtype":"number","min":115.47861883747183,"max":271.0051586009838},"14":{"dtype":"number","min":224.76573564852887,"max":409.25477918360895},"15":{"dtype":"number","min":92.66975625913742,"max":282.3588475753457},"16":{"dtype":"number","min":152.17955174734252,"max":345.75236775954096},"17":{"dtype":"number","min":102.6380822254203,"max":279.7851973342152},"18":{"dtype":"number","min":157.40006028560168,"max":411.39440525344935},"19":{"dtype":"number","min":51.53859694334034,"max":378.7354550724141},"20":{"dtype":"number","min":99.49544400964331,"max":398.97597998903507},"21":{"dtype":"number","min":57.433450263843184,"max":323.1355104204739},"22":{"dtype":"number","min":283.94366318254674,"max":397.2936580427441},"23":{"dtype":"number","min":237.66218471713,"max":310.65962585092285},"24":{"dtype":"number","min":234.40965381049736,"max":383.28865690770436},"25":{"dtype":"number","min":236.34896648325184,"max":314.3961695620888},"26":{"dtype":"number","min":292.8746945862649,"max":394.08876177395524},"27":{"dtype":"number","min":336.8728109735262,"max":375.7655277958622},"28":{"dtype":"number","min":162.09478843049462,"max":391.86467756304825},"29":{"dtype":"number","min":305.4283133166575,"max":359.0360575484486},"30":{"dtype":"number","min":278.86908637152777,"max":396.3191505714699},"31":{"dtype":"number","min":400.6253175196359,"max":445.012039273803},"32":{"dtype":"number","min":174.42192211485744,"max":364.21920925088324},"33":{"dtype":"number","min":335.76998764543737,"max":443.25422409682244}},"outputs":{"0":{"dtype":"string","min":0,"max":1,"uniqueValues":["m","t","a","w"],"legend":{"m":[1,0,0,0],"t":[0,1,0,0],"a":[0,0,1,0],"w":[0,0,0,1]}}},"isNormalized":true}