{"inputUnits":[34],"outputUnits":2,"inputs":{"0":{"dtype":"number","min":498.99226554885473,"max":711.8204871581079},"1":{"dtype":"number","min":249.31272986339545,"max":392.3424912242629},"2":{"dtype":"number","min":513.3979306583516,"max":735.5852926451328},"3":{"dtype":"number","min":236.34207504302205,"max":412.97615155374325},"4":{"dtype":"number","min":487.03306320815057,"max":708.7387471635903},"5":{"dtype":"number","min":233.46739949306317,"max":386.9806181850024},"6":{"dtype":"number","min":534.1016386452242,"max":739.7001091732151},"7":{"dtype":"number","min":254.362466972009,"max":477.4815371626766},"8":{"dtype":"number","min":466.7057089405915,"max":685.8280769333272},"9":{"dtype":"number","min":252.395243207846,"max":408.9219537627162},"10":{"dtype":"number","min":549.3960612930981,"max":647.9448166042275},"11":{"dtype":"number","min":312.91061907019065,"max":540.9300805997198},"12":{"dtype":"number","min":447.8729426512244,"max":602.1383482577972},"13":{"dtype":"number","min":315.515826784844,"max":432.6981215449104},"14":{"dtype":"number","min":596.6498837833516,"max":660.5186536762914},"15":{"dtype":"number","min":219.64666950307625,"max":684.1505024632979},"16":{"dtype":"number","min":411.2287673801474,"max":598.8026520429763},"17":{"dtype":"number","min":277.5354218064693,"max":370.2378300895468},"18":{"dtype":"number","min":624.8214156539351,"max":630.8961388660452},"19":{"dtype":"number","min":120.46519496984648,"max":137.06494307192676},"20":{"dtype":"number","min":151.5833536783854,"max":366.6284869753594},"21":{"dtype":"number","min":111.152611745496,"max":850.6241290889985},"22":{"dtype":"number","min":536.6058647051657,"max":593.4733786778143},"23":{"dtype":"number","min":492.54627488045196,"max":519.6254797149122},"24":{"dtype":"number","min":454.40828498111597,"max":526.9980625799525},"25":{"dtype":"number","min":483.2631012617263,"max":522.0440423976607},"26":{"dtype":"number","min":362.17759041293556,"max":518.8876443903813},"27":{"dtype":"number","min":515.2101869936342,"max":705.013996444018},"28":{"dtype":"number","min":361.58954702157956,"max":471.18777745416054},"29":{"dtype":"number","min":519.0958539877254,"max":704.9699749862938},"30":{"dtype":"number","min":500.27317099171535,"max":674.7275904605262},"31":{"dtype":"number","min":849.5370965254933,"max":887.1794286062378},"32":{"dtype":"number","min":479.54296089752376,"max":675.4629867583454},"33":{"dtype":"number","min":852.4470933464303,"max":880.3591960587231}},"outputs":{"0":{"dtype":"string","min":0,"max":1,"uniqueValues":["triangle","mountain"],"legend":{"triangle":[1,0],"mountain":[0,1]}}},"isNormalized":true}