{
    "0": {
        "0": 301.3675794115685,
        "1": 297.22366491266575,
        "2": 90.05106905177605,
        "3": 89.05011062339952,
        "4": 170.82641310205844,
        "5": 161.91305762000283,
        "6": 178.95437712026165,
        "7": 163.054999886665
    },
    "1": {
        "0": 182.99959945111726,
        "1": 182.8265832444472,
        "2": 179.1320613736351,
        "3": 175.82320243678816,
        "4": 181.44263761263858,
        "5": 202.26198077375727,
        "6": 168.01742347896476,
        "7": 148.20363831387345
    },
    "2": {
        "0": 299.72019018690736,
        "1": 177.98266061932068,
        "2": 128.4721301800633,
        "3": 173.93590553975173,
        "4": 301.10283147016463,
        "5": 320.15772842647607,
        "6": 144.1659055944361,
        "7": 134.6655245067089
    },
    "3": {
        "0": 255.30290478806134,
        "1": 167.90372395023698,
        "2": 98.12834615466488,
        "3": 143.43003518642723,
        "4": 186.78975910003763,
        "5": 184.39957514199088,
        "6": 112.48431271434372,
        "7": 91.19839033716579
    },
    "4": {
        "0": 252.57660617198763,
        "1": 268.9308035658728,
        "2": 97.71288770358423,
        "3": 86.45885317446982,
        "4": 244.56016388239422,
        "5": 261.4798053156135,
        "6": 101.3084351939919,
        "7": 107.50674580803911
    },
    "5": {
        "0": 107.11019789473765,
        "1": 264.76695657953337,
        "2": 251.16844250783973,
        "3": 94.49420577770547,
        "4": 169.35434446371593,
        "5": 186.60817262932335,
        "6": 207.281421232677,
        "7": 153.84080348649996
    },
    "6": {
        "0": 253.44307477822198,
        "1": 274.2769064258691,
        "2": 104.97236461094366,
        "3": 94.64919221589116,
        "4": 241.7846404708649,
        "5": 243.93218666316895,
        "6": 181.1030478541425,
        "7": 174.38060086137577
    },
    "7": {
        "0": 255.77014445319858,
        "1": 171.23643411925013,
        "2": 126.84542109511109,
        "3": 111.04298405698685,
        "4": 327.89806735923463,
        "5": 304.55926318699176,
        "6": 119.81300307599378,
        "7": 141.12312949588014
    }
}